name;n;swaps;compares;time;
dual;100;166;530;0.000366;
dual;100;166;530;0.000432;
dual;100;166;530;0.000418;
dual;100;166;530;0.000337;
dual;100;166;530;0.000395;
dual;100;166;530;0.000336;
dual;100;166;530;0.000323;
dual;100;166;530;0.000321;
dual;100;166;530;0.000336;
dual;100;166;530;0.000334;
dual;200;565;1309;0.000801;
dual;200;565;1309;0.000806;
dual;200;565;1309;0.000811;
dual;200;565;1309;0.000797;
dual;200;565;1309;0.000816;
dual;200;565;1309;0.000826;
dual;200;565;1309;0.00076;
dual;200;565;1309;0.000673;
dual;200;565;1309;0.000472;
dual;200;565;1309;0.000535;
dual;300;693;2114;0.000821;
dual;300;693;2114;0.000868;
dual;300;693;2114;0.000862;
dual;300;693;2114;0.000853;
dual;300;693;2114;0.000727;
dual;300;693;2114;0.000644;
dual;300;693;2114;0.000552;
dual;300;693;2114;0.000529;
dual;300;693;2114;0.000559;
dual;300;693;2114;0.000634;
dual;400;1102;3110;0.000813;
dual;400;1102;3110;0.001069;
dual;400;1102;3110;0.000785;
dual;400;1102;3110;0.000995;
dual;400;1102;3110;0.000882;
dual;400;1102;3110;0.000779;
dual;400;1102;3110;0.000758;
dual;400;1102;3110;0.000737;
dual;400;1102;3110;0.000773;
dual;400;1102;3110;0.000736;
dual;500;1291;3954;0.000932;
dual;500;1291;3954;0.000965;
dual;500;1291;3954;0.001011;
dual;500;1291;3954;0.001339;
dual;500;1291;3954;0.001304;
dual;500;1291;3954;0.001147;
dual;500;1291;3954;0.000991;
dual;500;1291;3954;0.000929;
dual;500;1291;3954;0.000923;
dual;500;1291;3954;0.000902;
dual;600;2061;6181;0.001407;
dual;600;2061;6181;0.001393;
dual;600;2061;6181;0.001656;
dual;600;2061;6181;0.001427;
dual;600;2061;6181;0.001412;
dual;600;2061;6181;0.001399;
dual;600;2061;6181;0.00161;
dual;600;2061;6181;0.001501;
dual;600;2061;6181;0.001488;
dual;600;2061;6181;0.001464;
dual;700;2198;6094;0.001489;
dual;700;2198;6094;0.001533;
dual;700;2198;6094;0.001445;
dual;700;2198;6094;0.00177;
dual;700;2198;6094;0.001717;
dual;700;2198;6094;0.001437;
dual;700;2198;6094;0.001406;
dual;700;2198;6094;0.001493;
dual;700;2198;6094;0.001244;
dual;700;2198;6094;0.001243;
dual;800;2812;8048;0.00223;
dual;800;2812;8048;0.002117;
dual;800;2812;8048;0.001966;
dual;800;2812;8048;0.001701;
dual;800;2812;8048;0.001643;
dual;800;2812;8048;0.001909;
dual;800;2812;8048;0.002086;
dual;800;2812;8048;0.001826;
dual;800;2812;8048;0.001885;
dual;800;2812;8048;0.00186;
dual;900;2550;8278;0.002112;
dual;900;2550;8278;0.002684;
dual;900;2550;8278;0.002487;
dual;900;2550;8278;0.002505;
dual;900;2550;8278;0.002115;
dual;900;2550;8278;0.001989;
dual;900;2550;8278;0.001924;
dual;900;2550;8278;0.001953;
dual;900;2550;8278;0.001907;
dual;900;2550;8278;0.002162;
dual;1000;3070;9549;0.002178;
dual;1000;3070;9549;0.002224;
dual;1000;3070;9549;0.002478;
dual;1000;3070;9549;0.002277;
dual;1000;3070;9549;0.002232;
dual;1000;3070;9549;0.002188;
dual;1000;3070;9549;0.003442;
dual;1000;3070;9549;0.003235;
dual;1000;3070;9549;0.003606;
dual;1000;3070;9549;0.003554;
dual;1100;4758;11217;0.004335;
dual;1100;4758;11217;0.004084;
dual;1100;4758;11217;0.004;
dual;1100;4758;11217;0.003854;
dual;1100;4758;11217;0.003287;
dual;1100;4758;11217;0.002948;
dual;1100;4758;11217;0.002877;
dual;1100;4758;11217;0.00359;
dual;1100;4758;11217;0.003482;
dual;1100;4758;11217;0.002974;
dual;1200;3960;11380;0.003555;
dual;1200;3960;11380;0.002882;
dual;1200;3960;11380;0.003597;
dual;1200;3960;11380;0.003229;
dual;1200;3960;11380;0.002952;
dual;1200;3960;11380;0.003091;
dual;1200;3960;11380;0.00307;
dual;1200;3960;11380;0.003537;
dual;1200;3960;11380;0.00397;
dual;1200;3960;11380;0.003915;
dual;1300;4065;12558;0.004023;
dual;1300;4065;12558;0.003931;
dual;1300;4065;12558;0.003736;
dual;1300;4065;12558;0.003973;
dual;1300;4065;12558;0.003898;
dual;1300;4065;12558;0.003833;
dual;1300;4065;12558;0.003868;
dual;1300;4065;12558;0.003123;
dual;1300;4065;12558;0.003045;
dual;1300;4065;12558;0.002971;
dual;1400;6052;15121;0.003187;
dual;1400;6052;15121;0.003583;
dual;1400;6052;15121;0.003134;
dual;1400;6052;15121;0.003061;
dual;1400;6052;15121;0.003532;
dual;1400;6052;15121;0.003979;
dual;1400;6052;15121;0.00386;
dual;1400;6052;15121;0.003616;
dual;1400;6052;15121;0.003433;
dual;1400;6052;15121;0.003963;
dual;1500;6645;15582;0.0039;
dual;1500;6645;15582;0.003186;
dual;1500;6645;15582;0.003671;
dual;1500;6645;15582;0.003727;
dual;1500;6645;15582;0.003533;
dual;1500;6645;15582;0.003578;
dual;1500;6645;15582;0.00359;
dual;1500;6645;15582;0.003576;
dual;1500;6645;15582;0.003563;
dual;1500;6645;15582;0.003552;
dual;1600;4821;16939;0.003576;
dual;1600;4821;16939;0.003532;
dual;1600;4821;16939;0.003969;
dual;1600;4821;16939;0.003856;
dual;1600;4821;16939;0.003371;
dual;1600;4821;16939;0.003393;
dual;1600;4821;16939;0.003549;
dual;1600;4821;16939;0.003456;
dual;1600;4821;16939;0.00345;
dual;1600;4821;16939;0.00353;
dual;1700;6896;18403;0.003787;
dual;1700;6896;18403;0.005466;
dual;1700;6896;18403;0.007034;
dual;1700;6896;18403;0.006581;
dual;1700;6896;18403;0.006613;
dual;1700;6896;18403;0.005773;
dual;1700;6896;18403;0.004896;
dual;1700;6896;18403;0.004158;
dual;1700;6896;18403;0.004194;
dual;1700;6896;18403;0.003672;
dual;1800;7565;19633;0.004353;
dual;1800;7565;19633;0.004026;
dual;1800;7565;19633;0.004586;
dual;1800;7565;19633;0.004215;
dual;1800;7565;19633;0.004324;
dual;1800;7565;19633;0.004019;
dual;1800;7565;19633;0.004106;
dual;1800;7565;19633;0.004113;
dual;1800;7565;19633;0.00452;
dual;1800;7565;19633;0.004404;
dual;1900;8503;20991;0.004336;
dual;1900;8503;20991;0.00433;
dual;1900;8503;20991;0.005366;
dual;1900;8503;20991;0.004739;
dual;1900;8503;20991;0.004377;
dual;1900;8503;20991;0.004574;
dual;1900;8503;20991;0.004741;
dual;1900;8503;20991;0.004799;
dual;1900;8503;20991;0.004715;
dual;1900;8503;20991;0.005146;
dual;2000;9083;22336;0.00541;
dual;2000;9083;22336;0.005231;
dual;2000;9083;22336;0.005218;
dual;2000;9083;22336;0.005322;
dual;2000;9083;22336;0.004943;
dual;2000;9083;22336;0.005228;
dual;2000;9083;22336;0.005214;
dual;2000;9083;22336;0.005083;
dual;2000;9083;22336;0.005151;
dual;2000;9083;22336;0.005291;
dual;2100;8446;22419;0.004797;
dual;2100;8446;22419;0.004867;
dual;2100;8446;22419;0.00476;
dual;2100;8446;22419;0.004787;
dual;2100;8446;22419;0.004673;
dual;2100;8446;22419;0.005202;
dual;2100;8446;22419;0.005058;
dual;2100;8446;22419;0.004716;
dual;2100;8446;22419;0.005034;
dual;2100;8446;22419;0.004995;
dual;2200;10450;25781;0.005419;
dual;2200;10450;25781;0.005433;
dual;2200;10450;25781;0.00528;
dual;2200;10450;25781;0.005429;
dual;2200;10450;25781;0.005655;
dual;2200;10450;25781;0.006014;
dual;2200;10450;25781;0.005111;
dual;2200;10450;25781;0.005823;
dual;2200;10450;25781;0.005925;
dual;2200;10450;25781;0.005818;
dual;2300;9026;28359;0.007146;
dual;2300;9026;28359;0.009438;
dual;2300;9026;28359;0.009158;
dual;2300;9026;28359;0.009567;
dual;2300;9026;28359;0.008202;
dual;2300;9026;28359;0.005958;
dual;2300;9026;28359;0.006857;
dual;2300;9026;28359;0.006829;
dual;2300;9026;28359;0.006528;
dual;2300;9026;28359;0.007155;
dual;2400;10531;27266;0.006414;
dual;2400;10531;27266;0.007769;
dual;2400;10531;27266;0.006426;
dual;2400;10531;27266;0.007027;
dual;2400;10531;27266;0.007464;
dual;2400;10531;27266;0.007146;
dual;2400;10531;27266;0.00848;
dual;2400;10531;27266;0.006399;
dual;2400;10531;27266;0.007105;
dual;2400;10531;27266;0.006915;
dual;2500;10535;28187;0.006789;
dual;2500;10535;28187;0.006029;
dual;2500;10535;28187;0.006214;
dual;2500;10535;28187;0.007019;
dual;2500;10535;28187;0.006248;
dual;2500;10535;28187;0.006253;
dual;2500;10535;28187;0.006808;
dual;2500;10535;28187;0.007294;
dual;2500;10535;28187;0.010653;
dual;2500;10535;28187;0.009127;
dual;2600;9193;29956;0.007901;
dual;2600;9193;29956;0.006822;
dual;2600;9193;29956;0.006256;
dual;2600;9193;29956;0.007;
dual;2600;9193;29956;0.006294;
dual;2600;9193;29956;0.006837;
dual;2600;9193;29956;0.007101;
dual;2600;9193;29956;0.006561;
dual;2600;9193;29956;0.006946;
dual;2600;9193;29956;0.006228;
dual;2700;11727;31179;0.007629;
dual;2700;11727;31179;0.006553;
dual;2700;11727;31179;0.006602;
dual;2700;11727;31179;0.007599;
dual;2700;11727;31179;0.006433;
dual;2700;11727;31179;0.007101;
dual;2700;11727;31179;0.006629;
dual;2700;11727;31179;0.006938;
dual;2700;11727;31179;0.006947;
dual;2700;11727;31179;0.006439;
dual;2800;12959;33164;0.008087;
dual;2800;12959;33164;0.008137;
dual;2800;12959;33164;0.007772;
dual;2800;12959;33164;0.007303;
dual;2800;12959;33164;0.007631;
dual;2800;12959;33164;0.007634;
dual;2800;12959;33164;0.011117;
dual;2800;12959;33164;0.009976;
dual;2800;12959;33164;0.011475;
dual;2800;12959;33164;0.010549;
dual;2900;11475;31749;0.010807;
dual;2900;11475;31749;0.011062;
dual;2900;11475;31749;0.010608;
dual;2900;11475;31749;0.010936;
dual;2900;11475;31749;0.011095;
dual;2900;11475;31749;0.010935;
dual;2900;11475;31749;0.008033;
dual;2900;11475;31749;0.008986;
dual;2900;11475;31749;0.007799;
dual;2900;11475;31749;0.010058;
dual;3000;12057;33961;0.011571;
dual;3000;12057;33961;0.011623;
dual;3000;12057;33961;0.011851;
dual;3000;12057;33961;0.011824;
dual;3000;12057;33961;0.011846;
dual;3000;12057;33961;0.011403;
dual;3000;12057;33961;0.011374;
dual;3000;12057;33961;0.011384;
dual;3000;12057;33961;0.011661;
dual;3000;12057;33961;0.011805;
dual;3100;12218;34285;0.011943;
dual;3100;12218;34285;0.012143;
dual;3100;12218;34285;0.01142;
dual;3100;12218;34285;0.01137;
dual;3100;12218;34285;0.012106;
dual;3100;12218;34285;0.010974;
dual;3100;12218;34285;0.011771;
dual;3100;12218;34285;0.01192;
dual;3100;12218;34285;0.009853;
dual;3100;12218;34285;0.011502;
dual;3200;11864;35423;0.011812;
dual;3200;11864;35423;0.011732;
dual;3200;11864;35423;0.012131;
dual;3200;11864;35423;0.012373;
dual;3200;11864;35423;0.012032;
dual;3200;11864;35423;0.012265;
dual;3200;11864;35423;0.011967;
dual;3200;11864;35423;0.012172;
dual;3200;11864;35423;0.012259;
dual;3200;11864;35423;0.01195;
dual;3300;15057;39510;0.013436;
dual;3300;15057;39510;0.012998;
dual;3300;15057;39510;0.013088;
dual;3300;15057;39510;0.01341;
dual;3300;15057;39510;0.013141;
dual;3300;15057;39510;0.011306;
dual;3300;15057;39510;0.011497;
dual;3300;15057;39510;0.013614;
dual;3300;15057;39510;0.013789;
dual;3300;15057;39510;0.010401;
dual;3400;14122;39172;0.012085;
dual;3400;14122;39172;0.011441;
dual;3400;14122;39172;0.010865;
dual;3400;14122;39172;0.012784;
dual;3400;14122;39172;0.011707;
dual;3400;14122;39172;0.012189;
dual;3400;14122;39172;0.01296;
dual;3400;14122;39172;0.011616;
dual;3400;14122;39172;0.012456;
dual;3400;14122;39172;0.010297;
dual;3500;14585;42738;0.010636;
dual;3500;14585;42738;0.011517;
dual;3500;14585;42738;0.009952;
dual;3500;14585;42738;0.00995;
dual;3500;15782;44547;0.013567;
dual;3500;15782;44547;0.011329;
dual;3500;15782;44547;0.009124;
dual;3500;15782;44547;0.011486;
dual;3500;15782;44547;0.011295;
dual;3500;15782;44547;0.010916;
dual;3600;15443;43511;0.011732;
dual;3600;15443;43511;0.010626;
dual;3600;15443;43511;0.00996;
dual;3600;15443;43511;0.011425;
dual;3600;15443;43511;0.011146;
dual;3600;15443;43511;0.010167;
dual;3600;15443;43511;0.012886;
dual;3600;15443;43511;0.01014;
dual;3600;15443;43511;0.012104;
dual;3600;15443;43511;0.015896;
dual;3700;16359;48937;0.015217;
dual;3700;16359;48937;0.012398;
dual;3700;16359;48937;0.011844;
dual;3700;16359;48937;0.011746;
dual;3700;16359;48937;0.014955;
dual;3700;16359;48937;0.017713;
dual;3700;16359;48937;0.018345;
dual;3700;16359;48937;0.017224;
dual;3700;16359;48937;0.016514;
dual;3700;16359;48937;0.015558;
dual;3800;15790;46407;0.010765;
dual;3800;15790;46407;0.010781;
dual;3800;15790;46407;0.010994;
dual;3800;15790;46407;0.014469;
dual;3800;15790;46407;0.016691;
dual;3800;15790;46407;0.011956;
dual;3800;15790;46407;0.01104;
dual;3800;15790;46407;0.010928;
dual;3800;15790;46407;0.010861;
dual;3800;15790;46407;0.010938;
dual;3900;16452;46481;0.011022;
dual;3900;16452;46481;0.017076;
dual;3900;16452;46481;0.015065;
dual;3900;16452;46481;0.016014;
dual;3900;16452;46481;0.016592;
dual;3900;16452;46481;0.016639;
dual;3900;16452;46481;0.016334;
dual;3900;16452;46481;0.016645;
dual;3900;16452;46481;0.015914;
dual;3900;16452;46481;0.015825;
dual;4000;17709;47346;0.016448;
dual;4000;17709;47346;0.016953;
dual;4000;17709;47346;0.016429;
dual;4000;17709;47346;0.015472;
dual;4000;17709;47346;0.012266;
dual;4000;17709;47346;0.015938;
dual;4000;17709;47346;0.016294;
dual;4000;17709;47346;0.01553;
dual;4000;17709;47346;0.016419;
dual;4000;17709;47346;0.01601;
dual;4100;17293;53741;0.017843;
dual;4100;17293;53741;0.018054;
dual;4100;17293;53741;0.017796;
dual;4100;17293;53741;0.017285;
dual;4100;17293;53741;0.018316;
dual;4100;17293;53741;0.017539;
dual;4100;17293;53741;0.017707;
dual;4100;17293;53741;0.016861;
dual;4100;17293;53741;0.018005;
dual;4100;17293;53741;0.017645;
dual;4200;18453;51499;0.016735;
dual;4200;18453;51499;0.016762;
dual;4200;18453;51499;0.017763;
dual;4200;19733;52749;0.017415;
dual;4200;19733;52749;0.017928;
dual;4200;19733;52749;0.017373;
dual;4200;19733;52749;0.017926;
dual;4200;19733;52749;0.017626;
dual;4200;19733;52749;0.017307;
dual;4200;19733;52749;0.01737;
dual;4300;17567;58015;0.018785;
dual;4300;17567;58015;0.019287;
dual;4300;17567;58015;0.018822;
dual;4300;17567;58015;0.019108;
dual;4300;17567;58015;0.016353;
dual;4300;17567;58015;0.018634;
dual;4300;17567;58015;0.019087;
dual;4300;17567;58015;0.018179;
dual;4300;17567;58015;0.018639;
dual;4300;17567;58015;0.018671;
dual;4400;16445;54633;0.01867;
dual;4400;16445;54633;0.018633;
dual;4400;16445;54633;0.017868;
dual;4400;16445;54633;0.018869;
dual;4400;16445;54633;0.018475;
dual;4400;16445;54633;0.01487;
dual;4400;16445;54633;0.013174;
dual;4400;16445;54633;0.016281;
dual;4400;16445;54633;0.015001;
dual;4400;16445;54633;0.013511;
dual;4500;17971;58057;0.013398;
dual;4500;17971;58057;0.013783;
dual;4500;17971;58057;0.012969;
dual;4500;17971;58057;0.012712;
dual;4500;17971;58057;0.011941;
dual;4500;17971;58057;0.012657;
dual;4500;17971;58057;0.018579;
dual;4500;17971;58057;0.018856;
dual;4500;17971;58057;0.013681;
dual;4500;17971;58057;0.014653;
dual;4600;22459;56253;0.021416;
dual;4600;22459;56253;0.01972;
dual;4600;22459;56253;0.011776;
dual;4600;22459;56253;0.013007;
dual;4600;22459;56253;0.012466;
dual;4600;22459;56253;0.012443;
dual;4600;22459;56253;0.012604;
dual;4600;22459;56253;0.012684;
dual;4600;22459;56253;0.013994;
dual;4600;22459;56253;0.013471;
dual;4700;19329;57418;0.013439;
dual;4700;19329;57418;0.013093;
dual;4700;19329;57418;0.013521;
dual;4700;19329;57418;0.013099;
dual;4700;19329;57418;0.012959;
dual;4700;19329;57418;0.012125;
dual;4700;19329;57418;0.012406;
dual;4700;19329;57418;0.012874;
dual;4700;19329;57418;0.013989;
dual;4700;19329;57418;0.013304;
dual;4800;21862;58466;0.012805;
dual;4800;21862;58466;0.012666;
dual;4800;21862;58466;0.012817;
dual;4800;21862;58466;0.012932;
dual;4800;21862;58466;0.012559;
dual;4800;21862;58466;0.012337;
dual;4800;21862;58466;0.013873;
dual;4800;17539;56240;0.013656;
dual;4800;17539;56240;0.0129;
dual;4800;17539;56240;0.012164;
dual;4900;20535;59403;0.013142;
dual;4900;20535;59403;0.014622;
dual;4900;20535;59403;0.013244;
dual;4900;20535;59403;0.01327;
dual;4900;20535;59403;0.012924;
dual;4900;20535;59403;0.012951;
dual;4900;20535;59403;0.01337;
dual;4900;20535;59403;0.013144;
dual;4900;20535;59403;0.013087;
dual;4900;20535;59403;0.014261;
dual;5000;19038;60786;0.012773;
dual;5000;19038;60786;0.013445;
dual;5000;19038;60786;0.014983;
dual;5000;19038;60786;0.014334;
dual;5000;19038;60786;0.01346;
dual;5000;19038;60786;0.013624;
dual;5000;19038;60786;0.012836;
dual;5000;19038;60786;0.013805;
dual;5000;19038;60786;0.016481;
dual;5000;19038;60786;0.015212;
dual;5100;20025;62847;0.018432;
dual;5100;20025;62847;0.022857;
dual;5100;20025;62847;0.019674;
dual;5100;20025;62847;0.014424;
dual;5100;20025;62847;0.014941;
dual;5100;20025;62847;0.014228;
dual;5100;20025;62847;0.013767;
dual;5100;20025;62847;0.013926;
dual;5100;20025;62847;0.014069;
dual;5100;20025;62847;0.013981;
dual;5200;21490;67449;0.014286;
dual;5200;21490;67449;0.015815;
dual;5200;21490;67449;0.014727;
dual;5200;21490;67449;0.014414;
dual;5200;21490;67449;0.013854;
dual;5200;21490;67449;0.015004;
dual;5200;21490;67449;0.014721;
dual;5200;21490;67449;0.014801;
dual;5200;21490;67449;0.014539;
dual;5200;21490;67449;0.015487;
dual;5300;21603;65689;0.01405;
dual;5300;21603;65689;0.014997;
dual;5300;21603;65689;0.014707;
dual;5300;21603;65689;0.014118;
dual;5300;21603;65689;0.014586;
dual;5300;21603;65689;0.013956;
dual;5300;21603;65689;0.014006;
dual;5300;21603;65689;0.014949;
dual;5300;21603;65689;0.014859;
dual;5300;21603;65689;0.014968;
dual;5400;19996;66734;0.013955;
dual;5400;19996;66734;0.015037;
dual;5400;19996;66734;0.014807;
dual;5400;19996;66734;0.015201;
dual;5400;19996;66734;0.014373;
dual;5400;19996;66734;0.015487;
dual;5400;19996;66734;0.014783;
dual;5400;19996;66734;0.015274;
dual;5400;19996;66734;0.015402;
dual;5400;19996;66734;0.015142;
dual;5500;21118;69880;0.015083;
dual;5500;21118;69880;0.014769;
dual;5500;21118;69880;0.0155;
dual;5500;21118;69880;0.014467;
dual;5500;21118;69880;0.015003;
dual;5500;22748;67298;0.015673;
dual;5500;22748;67298;0.014835;
dual;5500;22748;67298;0.014206;
dual;5500;22748;67298;0.013995;
dual;5500;22748;67298;0.01368;
dual;5600;24342;71431;0.015942;
dual;5600;24342;71431;0.016269;
dual;5600;24342;71431;0.015755;
dual;5600;24342;71431;0.015315;
dual;5600;24342;71431;0.015613;
dual;5600;24342;71431;0.016501;
dual;5600;24342;71431;0.015329;
dual;5600;24342;71431;0.016203;
dual;5600;24342;71431;0.015968;
dual;5600;24342;71431;0.015568;
dual;5700;26691;70173;0.015215;
dual;5700;26691;70173;0.014864;
dual;5700;26691;70173;0.014737;
dual;5700;26691;70173;0.015582;
dual;5700;26691;70173;0.014486;
dual;5700;26691;70173;0.014998;
dual;5700;26691;70173;0.015664;
dual;5700;26691;70173;0.015486;
dual;5700;26691;70173;0.014708;
dual;5700;26691;70173;0.015202;
dual;5800;26819;72002;0.016416;
dual;5800;26819;72002;0.016688;
dual;5800;26819;72002;0.016001;
dual;5800;26819;72002;0.015482;
dual;5800;26819;72002;0.01561;
dual;5800;26819;72002;0.015398;
dual;5800;26819;72002;0.01591;
dual;5800;26819;72002;0.016694;
dual;5800;26819;72002;0.015708;
dual;5800;26819;72002;0.015806;
dual;5900;28398;72619;0.016196;
dual;5900;28398;72619;0.016149;
dual;5900;28398;72619;0.01576;
dual;5900;28398;72619;0.016052;
dual;5900;28398;72619;0.015791;
dual;5900;28398;72619;0.015398;
dual;5900;28398;72619;0.015807;
dual;5900;28398;72619;0.018472;
dual;5900;28398;72619;0.023803;
dual;5900;28398;72619;0.019991;
dual;6000;28293;78554;0.018666;
dual;6000;28293;78554;0.02331;
dual;6000;28293;78554;0.024638;
dual;6000;28293;78554;0.024884;
dual;6000;28293;78554;0.025447;
dual;6000;28293;78554;0.025348;
dual;6000;28293;78554;0.022088;
dual;6000;28293;78554;0.023157;
dual;6000;28293;78554;0.019237;
dual;6000;28293;78554;0.019003;
dual;6100;29659;76551;0.020604;
dual;6100;29659;76551;0.019742;
dual;6100;29659;76551;0.021878;
dual;6100;28245;72979;0.017548;
dual;6100;28245;72979;0.018016;
dual;6100;28245;72979;0.017428;
dual;6100;28245;72979;0.017528;
dual;6100;28245;72979;0.01791;
dual;6100;28245;72979;0.018778;
dual;6100;28245;72979;0.017625;
dual;6200;31700;83707;0.019446;
dual;6200;31700;83707;0.021832;
dual;6200;31700;83707;0.021703;
dual;6200;31700;83707;0.019112;
dual;6200;31700;83707;0.019389;
dual;6200;31700;83707;0.021067;
dual;6200;31700;83707;0.020727;
dual;6200;31700;83707;0.022557;
dual;6200;31700;83707;0.021944;
dual;6200;31700;83707;0.019737;
dual;6300;30985;80035;0.018647;
dual;6300;30985;80035;0.017972;
dual;6300;30985;80035;0.017709;
dual;6300;30985;80035;0.017448;
dual;6300;30985;80035;0.017511;
dual;6300;30985;80035;0.017712;
dual;6300;30985;80035;0.020247;
dual;6300;30985;80035;0.016967;
dual;6300;30985;80035;0.018157;
dual;6300;30985;80035;0.01662;
dual;6400;28330;80459;0.017626;
dual;6400;28330;80459;0.018499;
dual;6400;28330;80459;0.018628;
dual;6400;28330;80459;0.01781;
dual;6400;28330;80459;0.01834;
dual;6400;28330;80459;0.018446;
dual;6400;28330;80459;0.020164;
dual;6400;28330;80459;0.022319;
dual;6400;28330;80459;0.019118;
dual;6400;28330;80459;0.018595;
dual;6500;28944;82769;0.024437;
dual;6500;28944;82769;0.022821;
dual;6500;28944;82769;0.019589;
dual;6500;28944;82769;0.021993;
dual;6500;28944;82769;0.018129;
dual;6500;28944;82769;0.017415;
dual;6500;28944;82769;0.018317;
dual;6500;28944;82769;0.017961;
dual;6500;28944;82769;0.017166;
dual;6500;28944;82769;0.020157;
dual;6600;35189;89379;0.019592;
dual;6600;35189;89379;0.020396;
dual;6600;35189;89379;0.02022;
dual;6600;35189;89379;0.021074;
dual;6600;35189;89379;0.0211;
dual;6600;30955;85976;0.018892;
dual;6600;30955;85976;0.018908;
dual;6600;30955;85976;0.019363;
dual;6600;30955;85976;0.019947;
dual;6600;30955;85976;0.020208;
dual;6700;31068;84619;0.01915;
dual;6700;31068;84619;0.019688;
dual;6700;31068;84619;0.019266;
dual;6700;31068;84619;0.019659;
dual;6700;31068;84619;0.019463;
dual;6700;31068;84619;0.019444;
dual;6700;31068;84619;0.022402;
dual;6700;31068;84619;0.019788;
dual;6700;31068;84619;0.018392;
dual;6700;31068;84619;0.019797;
dual;6800;33106;86508;0.020184;
dual;6800;33106;86508;0.019504;
dual;6800;33106;86508;0.019394;
dual;6800;33106;86508;0.018048;
dual;6800;33106;86508;0.019385;
dual;6800;33106;86508;0.018284;
dual;6800;33106;86508;0.018647;
dual;6800;33106;86508;0.018604;
dual;6800;33106;86508;0.018777;
dual;6800;33106;86508;0.020097;
dual;6900;35507;90524;0.021203;
dual;6900;35507;90524;0.020808;
dual;6900;35507;90524;0.0192;
dual;6900;35507;90524;0.020724;
dual;6900;35507;90524;0.020574;
dual;6900;35507;90524;0.019078;
dual;6900;35507;90524;0.021551;
dual;6900;35507;90524;0.031483;
dual;6900;35507;90524;0.025746;
dual;6900;35507;90524;0.021195;
dual;7000;31902;92547;0.022129;
dual;7000;31902;92547;0.021591;
dual;7000;31902;92547;0.021652;
dual;7000;31902;92547;0.020471;
dual;7000;31902;92547;0.029053;
dual;7000;31902;92547;0.029208;
dual;7000;31902;92547;0.023063;
dual;7000;31902;92547;0.022303;
dual;7000;31902;92547;0.023244;
dual;7000;31902;92547;0.021527;
dual;7100;31579;90198;0.021289;
dual;7100;31579;90198;0.021503;
dual;7100;33518;95745;0.021764;
dual;7100;33518;95745;0.020308;
dual;7100;33518;95745;0.019266;
dual;7100;33518;95745;0.020825;
dual;7100;33518;95745;0.021935;
dual;7100;33518;95745;0.020974;
dual;7100;33518;95745;0.021712;
dual;7100;33518;95745;0.026904;
dual;7200;34560;102677;0.027018;
dual;7200;34560;102677;0.022908;
dual;7200;34560;102677;0.021146;
dual;7200;34560;102677;0.022124;
dual;7200;34560;102677;0.022188;
dual;7200;34560;102677;0.023232;
dual;7200;34560;102677;0.022839;
dual;7200;34560;102677;0.021864;
dual;7200;34560;102677;0.02169;
dual;7200;34560;102677;0.022659;
dual;7300;35661;96770;0.020914;
dual;7300;35661;96770;0.020713;
dual;7300;35661;96770;0.020915;
dual;7300;35661;96770;0.020593;
dual;7300;35661;96770;0.02227;
dual;7300;35661;96770;0.022174;
dual;7300;35661;96770;0.02093;
dual;7300;35661;96770;0.021318;
dual;7300;35661;96770;0.022038;
dual;7300;35661;96770;0.02379;
dual;7400;31889;95869;0.021344;
dual;7400;31889;95869;0.020186;
dual;7400;31889;95869;0.02065;
dual;7400;31889;95869;0.020756;
dual;7400;31889;95869;0.021661;
dual;7400;31889;95869;0.021913;
dual;7400;31889;95869;0.020315;
dual;7400;31889;95869;0.021898;
dual;7400;31889;95869;0.022131;
dual;7400;31889;95869;0.021162;
dual;7500;36534;95022;0.020454;
dual;7500;36534;95022;0.021073;
dual;7500;36534;95022;0.020223;
dual;7500;36534;95022;0.021452;
dual;7500;36534;95022;0.020483;
dual;7500;36534;95022;0.02098;
dual;7500;36534;95022;0.021309;
dual;7500;36534;95022;0.020857;
dual;7500;38589;100202;0.022534;
dual;7500;38589;100202;0.020831;
dual;7600;36430;94729;0.020684;
dual;7600;36430;94729;0.020384;
dual;7600;36430;94729;0.021547;
dual;7600;36430;94729;0.02053;
dual;7600;36430;94729;0.020522;
dual;7600;36430;94729;0.021093;
dual;7600;36430;94729;0.021422;
dual;7600;36430;94729;0.021841;
dual;7600;36430;94729;0.020744;
dual;7600;36430;94729;0.020671;
dual;7700;34400;105019;0.022631;
dual;7700;34400;105019;0.023041;
dual;7700;34400;105019;0.022892;
dual;7700;34400;105019;0.023176;
dual;7700;34400;105019;0.022508;
dual;7700;34400;105019;0.023646;
dual;7700;34400;105019;0.022062;
dual;7700;34400;105019;0.023391;
dual;7700;34400;105019;0.023348;
dual;7700;34400;105019;0.023004;
dual;7800;37272;102861;0.022979;
dual;7800;37272;102861;0.024805;
dual;7800;37272;102861;0.021937;
dual;7800;37272;102861;0.021447;
dual;7800;37272;102861;0.022832;
dual;7800;37272;102861;0.023034;
dual;7800;37272;102861;0.022014;
dual;7800;37272;102861;0.022057;
dual;7800;37272;102861;0.022516;
dual;7800;37272;102861;0.023922;
dual;7900;42579;105534;0.027498;
dual;7900;42579;105534;0.027394;
dual;7900;42579;105534;0.027977;
dual;7900;42579;105534;0.029817;
dual;7900;42579;105534;0.032345;
dual;7900;42579;105534;0.028473;
dual;7900;42579;105534;0.027637;
dual;7900;42579;105534;0.027396;
dual;7900;42579;105534;0.027307;
dual;7900;42579;105534;0.028212;
dual;8000;38198;101645;0.035236;
dual;8000;38198;101645;0.02998;
dual;8000;38198;101645;0.025962;
dual;8000;38198;101645;0.025382;
dual;8000;38198;101645;0.024663;
dual;8000;38198;101645;0.024354;
dual;8000;38198;101645;0.02432;
dual;8000;38198;101645;0.030979;
dual;8000;38198;101645;0.034382;
dual;8000;38198;101645;0.027916;
dual;8100;39064;109891;0.027225;
dual;8100;39064;109891;0.026413;
dual;8100;39064;109891;0.024888;
dual;8100;39064;109891;0.024277;
dual;8100;39064;109891;0.023744;
dual;8100;39064;109891;0.023567;
dual;8100;39064;109891;0.024399;
dual;8100;39064;109891;0.024469;
dual;8100;39064;109891;0.027337;
dual;8100;39064;109891;0.024789;
dual;8200;45633;113989;0.024454;
dual;8200;45633;113989;0.025398;
dual;8200;45633;113989;0.027761;
dual;8200;45633;113989;0.026548;
dual;8200;45633;113989;0.026702;
dual;8200;45633;113989;0.025059;
dual;8200;45633;113989;0.026262;
dual;8200;45633;113989;0.025587;
dual;8200;45633;113989;0.024937;
dual;8200;45633;113989;0.028369;
dual;8300;45152;115631;0.02945;
dual;8300;45152;115631;0.026588;
dual;8300;45152;115631;0.025506;
dual;8300;45152;115631;0.032298;
dual;8300;45152;115631;0.026865;
dual;8300;45152;115631;0.031185;
dual;8300;45152;115631;0.03078;
dual;8300;41256;113832;0.027171;
dual;8300;41256;113832;0.027608;
dual;8300;41256;113832;0.023593;
dual;8400;39810;106907;0.022677;
dual;8400;39810;106907;0.024578;
dual;8400;39810;106907;0.022361;
dual;8400;39810;106907;0.024147;
dual;8400;39810;106907;0.023314;
dual;8400;39810;106907;0.024146;
dual;8400;39810;106907;0.035933;
dual;8400;39810;106907;0.030254;
dual;8400;39810;106907;0.024286;
dual;8400;39810;106907;0.023944;
dual;8500;36383;111210;0.023915;
dual;8500;36383;111210;0.025569;
dual;8500;36383;111210;0.024878;
dual;8500;36383;111210;0.025439;
dual;8500;36383;111210;0.024384;
dual;8500;36383;111210;0.02527;
dual;8500;36383;111210;0.025835;
dual;8500;36383;111210;0.024813;
dual;8500;36383;111210;0.02339;
dual;8500;36383;111210;0.023284;
dual;8600;35218;115215;0.02482;
dual;8600;35218;115215;0.025276;
dual;8600;35218;115215;0.024851;
dual;8600;35218;115215;0.026782;
dual;8600;35218;115215;0.02635;
dual;8600;35218;115215;0.027048;
dual;8600;35218;115215;0.026166;
dual;8600;35218;115215;0.023964;
dual;8600;35218;115215;0.024092;
dual;8600;35218;115215;0.024558;
dual;8700;39781;116742;0.02476;
dual;8700;39781;116742;0.027332;
dual;8700;39781;116742;0.026545;
dual;8700;39781;116742;0.024652;
dual;8700;39781;116742;0.027001;
dual;8700;39781;116742;0.026221;
dual;8700;40045;112885;0.024961;
dual;8700;40045;112885;0.024799;
dual;8700;40045;112885;0.028196;
dual;8700;40045;112885;0.039148;
dual;8800;42073;121342;0.036475;
dual;8800;42073;121342;0.028092;
dual;8800;42073;121342;0.027496;
dual;8800;42073;121342;0.026589;
dual;8800;42073;121342;0.027251;
dual;8800;42073;121342;0.029175;
dual;8800;42073;121342;0.031135;
dual;8800;42073;121342;0.028219;
dual;8800;42073;121342;0.029028;
dual;8800;42073;121342;0.031662;
dual;8900;37166;117990;0.027002;
dual;8900;37166;117990;0.025794;
dual;8900;37166;117990;0.027064;
dual;8900;37166;117990;0.025643;
dual;8900;37166;117990;0.025607;
dual;8900;37166;117990;0.025604;
dual;8900;37166;117990;0.024292;
dual;8900;37166;117990;0.025521;
dual;8900;37166;117990;0.02474;
dual;8900;37166;117990;0.025085;
dual;9000;42103;129946;0.028184;
dual;9000;42103;129946;0.028993;
dual;9000;42103;129946;0.029246;
dual;9000;42103;129946;0.028076;
dual;9000;42103;129946;0.030364;
dual;9000;42103;129946;0.044318;
dual;9000;42103;129946;0.039355;
dual;9000;42103;129946;0.032239;
dual;9000;42103;129946;0.031938;
dual;9000;42103;129946;0.029583;
dual;9100;41154;122337;0.02711;
dual;9100;41154;122337;0.026332;
dual;9100;41154;122337;0.027144;
dual;9100;41154;122337;0.02509;
dual;9100;41154;122337;0.02681;
dual;9100;41154;122337;0.026662;
dual;9100;41154;122337;0.025586;
dual;9100;41154;122337;0.027009;
dual;9100;41154;122337;0.025699;
dual;9100;41154;122337;0.026053;
dual;9200;45939;118680;0.025995;
dual;9200;45939;118680;0.038533;
dual;9200;45939;118680;0.039536;
dual;9200;45939;118680;0.036075;
dual;9200;45939;118680;0.038653;
dual;9200;45939;118680;0.038597;
dual;9200;45939;118680;0.035247;
dual;9200;45939;118680;0.040999;
dual;9200;45939;118680;0.035667;
dual;9200;45939;118680;0.042149;
dual;9300;46502;121743;0.042759;
dual;9300;46502;121743;0.039827;
dual;9300;46502;121743;0.04379;
dual;9300;46502;121743;0.044621;
dual;9300;46502;121743;0.041983;
dual;9300;46502;121743;0.041872;
dual;9300;46502;121743;0.042241;
dual;9300;46502;121743;0.044329;
dual;9300;46502;121743;0.044343;
dual;9300;49616;126079;0.046323;
dual;9400;48969;134199;0.044155;
dual;9400;48969;134199;0.039758;
dual;9400;48969;134199;0.041442;
dual;9400;48969;134199;0.047015;
dual;9400;48969;134199;0.041732;
dual;9400;48969;134199;0.041583;
dual;9400;48969;134199;0.047715;
dual;9400;48969;134199;0.049015;
dual;9400;48969;134199;0.038163;
dual;9400;48969;134199;0.043635;
dual;9500;43119;126047;0.039935;
dual;9500;43119;126047;0.04499;
dual;9500;43119;126047;0.042433;
dual;9500;43119;126047;0.039889;
dual;9500;43119;126047;0.032836;
dual;9500;43119;126047;0.028275;
dual;9500;43119;126047;0.027789;
dual;9500;43119;126047;0.02793;
dual;9500;43119;126047;0.035068;
dual;9500;43119;126047;0.036935;
dual;9600;48536;127379;0.035114;
dual;9600;48536;127379;0.029537;
dual;9600;48536;127379;0.033324;
dual;9600;48536;127379;0.039393;
dual;9600;41104;125662;0.037416;
dual;9600;41104;125662;0.032767;
dual;9600;41104;125662;0.040463;
dual;9600;41104;125662;0.03233;
dual;9600;41104;125662;0.039996;
dual;9600;41104;125662;0.028638;
dual;9700;47305;132188;0.031423;
dual;9700;47305;132188;0.030726;
dual;9700;47305;132188;0.033579;
dual;9700;47305;132188;0.033449;
dual;9700;47305;132188;0.031129;
dual;9700;47305;132188;0.03097;
dual;9700;47305;132188;0.031681;
dual;9700;47305;132188;0.028018;
dual;9700;47305;132188;0.033028;
dual;9700;47305;132188;0.038465;
dual;9800;51248;135359;0.035602;
dual;9800;51248;135359;0.03207;
dual;9800;51248;135359;0.031278;
dual;9800;51248;135359;0.034434;
dual;9800;51248;135359;0.039656;
dual;9800;51248;135359;0.042094;
dual;9800;51248;135359;0.039166;
dual;9800;51248;135359;0.036497;
dual;9800;51248;135359;0.036775;
dual;9800;51248;135359;0.038247;
dual;9900;49489;129480;0.040205;
dual;9900;49489;129480;0.034879;
dual;9900;44548;132721;0.031996;
dual;9900;44548;132721;0.039458;
dual;9900;44548;132721;0.041111;
dual;9900;44548;132721;0.032637;
dual;9900;44548;132721;0.034195;
dual;9900;44548;132721;0.03115;
dual;9900;44548;132721;0.03613;
dual;9900;44548;132721;0.035092;
dual;10000;48295;132270;0.031272;
dual;10000;48295;132270;0.035892;
dual;10000;48295;132270;0.037328;
dual;10000;48295;132270;0.034245;
dual;10000;48295;132270;0.028951;
dual;10000;48295;132270;0.0307;
dual;10000;48295;132270;0.034829;
dual;10000;48295;132270;0.036406;
dual;10000;48295;132270;0.035048;
dual;10000;48295;132270;0.040485;
